Name,MAE,MRAE(%),StdAE,MSE,$R^2$
Neural Regressor,0.14951850270807637,inf,0.10738790858501042,0.0338879455623276,0.11073129107493129
Random Forest Regressor,0.0037615104166666678,,0.009004530670659623,9.52305332135417e-05,0.9975010130618484
TPOT Regressor,0.0029864409722222293,,0.010640934505178877,0.0001221483168240741,0.9967946514845601
Support Vector Regressor,0.07042741984599203,inf,0.03347989609980809,0.006080924909017577,0.8404277346064961
Kernel Ridge Regressor,0.0520831899397306,inf,0.04818169416787324,0.005034134327184526,0.8678970336086886
K-NN Regressor,0.08391466666666668,,0.08406158475817331,0.014108021313833333,0.6297851141148314
Gaussian Process Regressor,2.8591973411269678e-09,inf,2.898463122730136e-09,1.657609790933405e-17,0.9999999999999996
Gradient Boosting Regressor,0.01860094525832544,inf,0.019085227178047146,0.0007102410609408893,0.9813622472295693
Ensemble Model,0.0036669952333406447,inf,0.009635598197460888,0.00010629160666425452,0.9972107544951627
