,Line Name,ACCOAC,MDH,PTAr,CS,ACACT1r,PPC,PPCK,PFL,Production
0,1,1,1,2,0,2,0,0,0,0.0
1,2,1,2,2,2,2,1,1,0,0.4539669201555809
2,3,1,0,0,2,1,1,2,0,0.37522793316123404
3,4,1,1,1,1,2,2,1,0,0.4539670431794082
4,5,2,0,2,1,1,0,1,1,0.09015970888174804
5,6,2,0,0,1,2,0,1,0,0.08633370813044157
6,7,2,1,2,2,2,2,0,2,0.4618800088709578
7,8,1,1,0,1,2,0,0,0,0.08633363271382197
8,9,2,1,2,2,0,0,0,2,0.09648566010558579
9,10,2,2,2,0,1,0,2,0,0.0
