Name,MAE,MRAE(%),StdAE,MSE,$R^2$
Neural Regressor,0.17032419347458372,inf,0.16285179586060236,0.055531038297790734,-1.3588384689898034
Random Forest Regressor,0.041293922627512275,,0.0721016303243742,0.006903833141399686,0.7067400917286975
TPOT Regressor,0.03499515089585655,,0.08037734128755777,0.007685177578680309,0.673550269015405
Support Vector Regressor,0.10914473273864704,inf,0.08923775399947854,0.019875949423462137,0.1557126330623022
Kernel Ridge Regressor,0.08472249633517644,inf,0.12181388951180912,0.022016525063259223,0.0647856070294267
K-NN Regressor,0.08958156131303864,,0.10928135536372988,0.019967270757415514,0.1518335001994604
Gaussian Process Regressor,0.0832548360040567,inf,0.09320755512270212,0.015619016050013932,0.3365379608252743
Gradient Boosting Regressor,0.06423932176846783,inf,0.08323424665562561,0.011054630277602269,0.5304232018959912
Ensemble Model,0.041779945622221,inf,0.07393337425240686,0.007211707684542201,0.6936622466487483
